review,label
Unreliable and totally fake. Avoid at all costs.,0
The worst experience ever. Completely useless product.,0
Great value for the money! Would buy again without hesitation.,1
This is an excellent product. It performs exactly as it should.,1
Great product! It does exactly what I expected and more.,1
I regret buying this. It doesn't work as described.,0
I am very happy with my purchase. Highly recommend it!,1
Highly disappointing. Does not perform as advertised.,0
Fantastic quality! This is my favorite buy so far.,1
This product does not work. It is a complete fraud.,0
I’m so happy with this purchase. It’s exactly what I needed.,1
Perfect fit and great value for the price. Very satisfied.,1
Totally fake product. Doesn't even match the description.,0
Worst purchase I ever made. The quality is awful.,0
Not worth the money. It's a total rip-off.,0
Well worth the price. Excellent quality and very durable.,1
A reliable and good quality item. I will definitely buy again.,1
This is a scam. Don't waste your money.,0
The product works as described and exceeded my expectations.,1
This product is terrible. I would never recommend it to anyone.,0
